block_name,block_code,district_name,district_code,state_name,state_code
Baderajpur,3590,Kondagaon,643,Chhattisgarh,22
Bakawand,3591,Bastar,374,Chhattisgarh,22
Bastanar,3592,Bastar,374,Chhattisgarh,22
Bastar,3593,Bastar,374,Chhattisgarh,22
Darbha,3594,Bastar,374,Chhattisgarh,22
Jagdalpur,3595,Bastar,374,Chhattisgarh,22
Keshkal,3596,Kondagaon,643,Chhattisgarh,22
Kondagaon,3597,Kondagaon,643,Chhattisgarh,22
Lohandiguda,3598,Bastar,374,Chhattisgarh,22
Makdi,3599,Kondagaon,643,Chhattisgarh,22
Narayanpur,3600,Narayanpur,637,Chhattisgarh,22
Orchha(abhujmad),3601,Narayanpur,637,Chhattisgarh,22
Pharasgaon,3602,Kondagaon,643,Chhattisgarh,22
Tokapal,3603,Bastar,374,Chhattisgarh,22
Belha,3604,Bilaspur,375,Chhattisgarh,22
Gaurella-1,3605,Gaurella Pendra Marwahi,734,Chhattisgarh,22
Gaurella-2,3606,Gaurella Pendra Marwahi,734,Chhattisgarh,22
Kota,3607,Bilaspur,375,Chhattisgarh,22
Lormi,3608,Mungeli,647,Chhattisgarh,22
Marwahi,3609,Gaurella Pendra Marwahi,734,Chhattisgarh,22
Masturi,3610,Bilaspur,375,Chhattisgarh,22
Mungeli,3611,Mungeli,647,Chhattisgarh,22
Pathariya,3612,Mungeli,647,Chhattisgarh,22
Takhatpur,3613,Bilaspur,375,Chhattisgarh,22
Bhairamgarh,3614,Bijapur,636,Chhattisgarh,22
Bhopal Patnam,3615,Bijapur,636,Chhattisgarh,22
Bijapur,3616,Bijapur,636,Chhattisgarh,22
Chhindgarh,3617,Sukma,642,Chhattisgarh,22
Dantewada,3618,Dantewada,376,Chhattisgarh,22
Geedam,3619,Dantewada,376,Chhattisgarh,22
Katekalyan,3620,Dantewada,376,Chhattisgarh,22
Konta,3621,Sukma,642,Chhattisgarh,22
Kuwakonda,3622,Dantewada,376,Chhattisgarh,22
Sukma,3623,Sukma,642,Chhattisgarh,22
Usoor,3624,Bijapur,636,Chhattisgarh,22
Dhamtari,3625,Dhamtari,377,Chhattisgarh,22
Kurud,3626,Dhamtari,377,Chhattisgarh,22
Magarlod,3627,Dhamtari,377,Chhattisgarh,22
Nagari,3628,Dhamtari,377,Chhattisgarh,22
Balod,3629,Balod,646,Chhattisgarh,22
Bemetara,3630,Bemetara,650,Chhattisgarh,22
Berla,3631,Bemetara,650,Chhattisgarh,22
Dhamdha,3632,Durg,378,Chhattisgarh,22
Dondi,3633,Balod,646,Chhattisgarh,22
Dondilohara,3634,Balod,646,Chhattisgarh,22
Durg,3635,Durg,378,Chhattisgarh,22
Gunderdehi,3636,Balod,646,Chhattisgarh,22
Gurur,3637,Balod,646,Chhattisgarh,22
Nawagarh,3638,Bemetara,650,Chhattisgarh,22
Patan,3639,Durg,378,Chhattisgarh,22
Saja,3640,Bemetara,650,Chhattisgarh,22
Akaltara,3641,Janjgir-champa,379,Chhattisgarh,22
Bamhindih,3642,Janjgir-champa,379,Chhattisgarh,22
Baloda,3643,Janjgir-champa,379,Chhattisgarh,22
Dabhara,3644,Sakti,762,Chhattisgarh,22
Jaijaipur,3645,Sakti,762,Chhattisgarh,22
Malkharoda,3646,Sakti,762,Chhattisgarh,22
Nawagarh,3647,Janjgir-champa,379,Chhattisgarh,22
Pamgarh,3648,Janjgir-champa,379,Chhattisgarh,22
Sakti,3649,Sakti,762,Chhattisgarh,22
Bagicha,3650,Jashpur,380,Chhattisgarh,22
Duldula,3651,Jashpur,380,Chhattisgarh,22
Jashpur,3652,Jashpur,380,Chhattisgarh,22
Kansabel,3653,Jashpur,380,Chhattisgarh,22
Kunkuri,3654,Jashpur,380,Chhattisgarh,22
Manora,3655,Jashpur,380,Chhattisgarh,22
Patthalgaon,3656,Jashpur,380,Chhattisgarh,22
Pharsabahar,3657,Jashpur,380,Chhattisgarh,22
Antagarh,3658,Kanker,381,Chhattisgarh,22
Bhanupratappur,3659,Kanker,381,Chhattisgarh,22
Charama,3660,Kanker,381,Chhattisgarh,22
Durgukondal,3661,Kanker,381,Chhattisgarh,22
Kanker,3662,Kanker,381,Chhattisgarh,22
Koilebeda,3663,Kanker,381,Chhattisgarh,22
Narharpur,3664,Kanker,381,Chhattisgarh,22
Bodla,3665,Kabirdham,382,Chhattisgarh,22
Kawardha,3666,Kabirdham,382,Chhattisgarh,22
Pandariya,3667,Kabirdham,382,Chhattisgarh,22
S.lohara,3668,Kabirdham,382,Chhattisgarh,22
Kartala,3669,Korba,383,Chhattisgarh,22
Katghora,3670,Korba,383,Chhattisgarh,22
Korba,3671,Korba,383,Chhattisgarh,22
Pali,3672,Korba,383,Chhattisgarh,22
Podi Uparoda,3673,Korba,383,Chhattisgarh,22
Bharatpur,3675,Manendragarh Chirimiri Bharatpur ,760,Chhattisgarh,22
Manendragarh,3677,Manendragarh Chirimiri Bharatpur ,760,Chhattisgarh,22
Sonhat,3678,Korea,384,Chhattisgarh,22
Bagbahara,3679,Mahasamund,385,Chhattisgarh,22
Basna,3680,Mahasamund,385,Chhattisgarh,22
Mahasamund,3681,Mahasamund,385,Chhattisgarh,22
Pithora,3682,Mahasamund,385,Chhattisgarh,22
Saraipali,3683,Mahasamund,385,Chhattisgarh,22
Baramkela,3684,Sarangarh Bilaigarh,763,Chhattisgarh,22
Dharamjaigarh,3685,Raigarh,386,Chhattisgarh,22
Gharghoda,3686,Raigarh,386,Chhattisgarh,22
Kharsia,3687,Raigarh,386,Chhattisgarh,22
Lailunga,3688,Raigarh,386,Chhattisgarh,22
Pussore,3689,Raigarh,386,Chhattisgarh,22
Raigarh,3690,Raigarh,386,Chhattisgarh,22
Sarangarh,3691,Sarangarh Bilaigarh,763,Chhattisgarh,22
Tamnar,3692,Raigarh,386,Chhattisgarh,22
Abhanpur,3693,Raipur,387,Chhattisgarh,22
Arang,3694,Raipur,387,Chhattisgarh,22
Baloda Bazar,3695,Baloda Bazar,644,Chhattisgarh,22
Bhatapara,3696,Baloda Bazar,644,Chhattisgarh,22
Bilaigarh,3697,Sarangarh Bilaigarh,763,Chhattisgarh,22
Chhurra,3698,Gariyaband,645,Chhattisgarh,22
Deobhog,3699,Gariyaband,645,Chhattisgarh,22
Dharsiwa,3700,Raipur,387,Chhattisgarh,22
Fingeshwar,3701,Gariyaband,645,Chhattisgarh,22
Gariyaband,3702,Gariyaband,645,Chhattisgarh,22
Kasdol,3703,Baloda Bazar,644,Chhattisgarh,22
Mainpur,3704,Gariyaband,645,Chhattisgarh,22
Palari,3705,Baloda Bazar,644,Chhattisgarh,22
Simga,3706,Baloda Bazar,644,Chhattisgarh,22
Tilda,3707,Raipur,387,Chhattisgarh,22
A.chowki (td),3708,Mohla Manpur Ambagarh Chouki,761,Chhattisgarh,22
Chhuikhadan,3709,Khairgarh Chhuikhadan Gandai,759,Chhattisgarh,22
Chhuriya,3710,Rajnandgaon,388,Chhattisgarh,22
Dongargaon,3711,Rajnandgaon,388,Chhattisgarh,22
Dongarghar,3712,Rajnandgaon,388,Chhattisgarh,22
Khairagarh,3713,Khairgarh Chhuikhadan Gandai,759,Chhattisgarh,22
Manpur (td),3714,Mohla Manpur Ambagarh Chouki,761,Chhattisgarh,22
Mohala (td),3715,Mohla Manpur Ambagarh Chouki,761,Chhattisgarh,22
Rajnandgaon,3716,Rajnandgaon,388,Chhattisgarh,22
Ambikapur,3717,Surguja,389,Chhattisgarh,22
Balrampur,3718,Balrampur,649,Chhattisgarh,22
Batauli,3719,Surguja,389,Chhattisgarh,22
Bhaiyathan,3720,Surajpur,648,Chhattisgarh,22
Kusmi,3721,Balrampur,649,Chhattisgarh,22
Lakhanpur,3722,Surguja,389,Chhattisgarh,22
Lundra,3723,Surguja,389,Chhattisgarh,22
Mainpat,3724,Surguja,389,Chhattisgarh,22
Odagi,3725,Surajpur,648,Chhattisgarh,22
Pratappur,3726,Surajpur,648,Chhattisgarh,22
Premnagar,3727,Surajpur,648,Chhattisgarh,22
Rajpur,3728,Balrampur,649,Chhattisgarh,22
Ramanujnagar,3729,Surajpur,648,Chhattisgarh,22
Ramchandrapur,3730,Balrampur,649,Chhattisgarh,22
Shankargarh,3731,Balrampur,649,Chhattisgarh,22
Sitapur,3732,Surguja,389,Chhattisgarh,22
Surajpur,3733,Surajpur,648,Chhattisgarh,22
Udaipur,3734,Surguja,389,Chhattisgarh,22
Wadrafnagar,3735,Balrampur,649,Chhattisgarh,22
Baikunthpur,7144,Korea,384,Chhattisgarh,22
