district_mis_name,district_lgd_name,lgd_district_code,lgd_state_code,census2011_code,name_hi,division,created_year_if_new,headquarters,pop_2011_approx,mis_total,mis_rejected,mis_rejection_rate_pct
Balod,Balod,646,22,0,बालोद,Durg,,Balod,826165,206420,10105,4.9
Balodabazar-Bhatapara,Baloda Bazar,644,22,0,बलौदाबाजार-भाटापारा,Raipur,,Baloda Bazar,1078911,263379,12555,4.77
Balrampur,Balrampur,649,22,0,बलरामपुर-रामानुजगंज,Surguja,,Balrampur,730491,120330,6308,5.24
Bastar,Bastar,374,22,414,बस्तर,Bastar,,Jagdalpur,834873,129100,8920,6.91
Bemetara,Bemetara,650,22,0,बेमेतरा,Durg,,Bemetara,795759,221030,12559,5.68
Bijapur,Bijapur,636,22,417,बीजापुर,Bastar,,Bijapur,255230,90415,2092,2.31
Bilaspur,Bilaspur,375,22,406,बिलासपुर,Bilaspur,,Bilaspur,1625502,273607,19673,7.19
Dantewada,Dantewada,376,22,416,दंतेवाड़ा,Bastar,,Dantewada,283479,53850,3391,6.3
Dhamtari,Dhamtari,377,22,412,धमतरी,Raipur,,Dhamtari,799781,185418,13246,7.14
Durg,Durg,378,22,409,दुर्ग,Durg,,Durg,1721948,327006,24283,7.43
Gariyaband,Gariyaband,645,22,0,गरियाबंद,Raipur,,Gariyaband,597653,124309,6705,5.39
Gaurela-Pendra-Marwahi,Gaurella Pendra Marwahi,734,22,0,गौरेला-पेंड्रा-मरवाही,Bilaspur,2020,Gaurella,336420,59839,7920,13.24
Janjgir-Champa,Janjgir-champa,379,22,405,जांजगीर-चांपा,Bilaspur,,Janjgir,972453,259661,10093,3.89
Jashpur,Jashpur,380,22,402,जशपुर,Surguja,,Jashpur Nagar,851669,167882,13073,7.79
Kabirdham,Kabirdham,382,22,407,कबीरधाम,Durg,,Kawardha,822526,170491,11678,6.85
Kanker,Kanker,381,22,413,कांकेर,Bastar,,Kanker,748941,131900,6125,4.64
Khairagarh-Chhuikhadan-Gandai,Khairgarh Chhuikhadan Gandai,759,22,0,खैरागढ़-छुईखदान-गंडई,Durg,2022,Khairagarh,368444,136984,8426,6.15
Kondagaon,Kondagaon,643,22,0,कोंडागांव,Bastar,,Kondagaon,578326,178244,20689,11.61
Korba,Korba,383,22,404,कोरबा,Bilaspur,,Korba,1206640,178239,11614,6.52
Korea,Korea,384,22,400,कोरिया,Surguja,,Baikunthpur,247427,53088,4523,8.52
Mahasamund,Mahasamund,385,22,411,महासमुंद,Raipur,,Mahasamund,1032754,198696,21682,10.91
Manendragarh-Chirimiri-Bharatpur,Manendragarh Chirimiri Bharatpur,760,22,0,मनेंद्रगढ़-चिरमिरी-भरतपुर,Surguja,2022,Manendragarh,376000,41213,3831,9.3
Mohla-Manpur-Ambagarh Chouki,Mohla Manpur Ambagarh Chouki,761,22,0,मोहला-मानपुर-अंबागढ़ चौकी,Durg,2022,Mohla,283947,122603,6334,5.17
Mungeli,Mungeli,647,22,0,मुंगेली,Bilaspur,,Mungeli,701707,169606,7500,4.42
Narayanpur,Narayanpur,637,22,415,नारायणपुर,Bastar,,Narayanpur,139820,32835,3333,10.15
Raigarh,Raigarh,386,22,403,रायगढ़,Bilaspur,,Raigarh,1112982,225150,10673,4.74
Raipur,Raipur,387,22,410,रायपुर,Raipur,,Raipur,2160876,374506,35976,9.61
Rajnandgaon,Rajnandgaon,388,22,408,राजनांदगांव,Durg,,Rajnandgaon,884742,248348,19938,8.03
Sakti,Sakti,762,22,0,सक्ती,Bilaspur,2022,Sakti,653036,152020,7333,4.82
Sarangarh-Bilaigarh,Sarangarh Bilaigarh,763,22,0,सारंगढ़-बिलाईगढ़,Bilaspur,2022,Sarangarh,607434,160614,8407,5.23
Sukma,Sukma,642,22,0,सुकमा,Bastar,,Sukma,250159,51964,2744,5.28
Surajpur,Surajpur,648,22,0,सूरजपुर,Surguja,,Surajpur,789043,106592,7633,7.16
Surguja,Surguja,389,22,401,सरगुजा,Surguja,,Ambikapur,840352,170196,14762,8.67
