sub_district_name,sub_district_code,census_2001_sub_district_code,census_2011_sub_district_code,district_code,district_name,state_name,state_code
Bharatpur,3231,1,3231,760,Manendragarh Chirimiri Bharatpur ,Chhattisgarh,22
Baikunthpur,3232,2,3232,384,Korea,Chhattisgarh,22
Sonhat,3233,3,3233,384,Korea,Chhattisgarh,22
Manendragarh,3234,4,3234,760,Manendragarh Chirimiri Bharatpur ,Chhattisgarh,22
Khadganva,3235,0,3235,760,Manendragarh Chirimiri Bharatpur ,Chhattisgarh,22
Ramanujganj,3236,0,3236,649,Balrampur,Chhattisgarh,22
Balrampur,3237,0,3237,649,Balrampur,Chhattisgarh,22
Wadrafnagar,3238,2,3238,649,Balrampur,Chhattisgarh,22
Pratappur,3239,3,3239,648,Surajpur,Chhattisgarh,22
Samri(kusmi),3240,4,3240,649,Balrampur,Chhattisgarh,22
Shankargarh,3241,0,3241,649,Balrampur,Chhattisgarh,22
Surajpur,3242,5,3242,648,Surajpur,Chhattisgarh,22
Oudgi,3243,0,3243,648,Surajpur,Chhattisgarh,22
Bhaiyathan,3244,0,3244,648,Surajpur,Chhattisgarh,22
Ramanujnagar,3245,0,3245,648,Surajpur,Chhattisgarh,22
Premnagar,3246,0,3246,648,Surajpur,Chhattisgarh,22
Ambikapur,3247,6,3247,389,Surguja,Chhattisgarh,22
Lakhanpur,3248,0,3248,389,Surguja,Chhattisgarh,22
Udaypur,3249,0,3249,389,Surguja,Chhattisgarh,22
Rajpur,3250,7,3250,649,Balrampur,Chhattisgarh,22
Lundra,3251,8,3251,389,Surguja,Chhattisgarh,22
Sitapur,3252,9,3252,389,Surguja,Chhattisgarh,22
Batouli,3253,0,3253,389,Surguja,Chhattisgarh,22
Mainpat,3254,0,3254,389,Surguja,Chhattisgarh,22
Bagicha,3255,1,3255,380,Jashpur,Chhattisgarh,22
Kansabel,3256,0,3256,380,Jashpur,Chhattisgarh,22
Jashpur,3257,2,3257,380,Jashpur,Chhattisgarh,22
Manora,3258,0,3258,380,Jashpur,Chhattisgarh,22
Kunkuri,3259,3,3259,380,Jashpur,Chhattisgarh,22
Duldula,3260,0,3260,380,Jashpur,Chhattisgarh,22
Farsabahar,3261,0,3261,380,Jashpur,Chhattisgarh,22
Pathalgaon,3262,4,3262,380,Jashpur,Chhattisgarh,22
Udaipur (dharamjaigarh),3263,1,3263,386,Raigarh,Chhattisgarh,22
Lailunga,3264,2,3264,386,Raigarh,Chhattisgarh,22
Gharghoda,3265,3,3265,386,Raigarh,Chhattisgarh,22
Tamnar,3266,0,3266,386,Raigarh,Chhattisgarh,22
Raigarh,3267,4,3267,386,Raigarh,Chhattisgarh,22
Pusour,3268,0,3268,386,Raigarh,Chhattisgarh,22
Kharsia,3269,5,3269,386,Raigarh,Chhattisgarh,22
Sarangarh,3270,6,3270,763,Sarangarh Bilaigarh,Chhattisgarh,22
Baramkela,3271,0,3271,763,Sarangarh Bilaigarh,Chhattisgarh,22
Katghora,3272,1,3272,383,Korba,Chhattisgarh,22
Poundi-uproda,3273,0,3273,383,Korba,Chhattisgarh,22
Pali,3274,2,3274,383,Korba,Chhattisgarh,22
Korba,3275,3,3275,383,Korba,Chhattisgarh,22
Kartala,3276,4,3276,383,Korba,Chhattisgarh,22
Janjgir,3277,1,3277,379,Janjgir-champa,Chhattisgarh,22
Akaltara,3278,0,3278,379,Janjgir-champa,Chhattisgarh,22
Baloda,3279,0,3279,379,Janjgir-champa,Chhattisgarh,22
Nawagarh,3280,2,3280,379,Janjgir-champa,Chhattisgarh,22
Champa,3281,3,3281,379,Janjgir-champa,Chhattisgarh,22
Sakti,3282,4,3282,762,Sakti,Chhattisgarh,22
Pamgarh,3283,5,3283,379,Janjgir-champa,Chhattisgarh,22
Dabhra,3284,6,3284,762,Sakti,Chhattisgarh,22
Malkharoda,3285,7,3285,762,Sakti,Chhattisgarh,22
Jaijaipur,3286,8,3286,762,Sakti,Chhattisgarh,22
Pendra Road Gorella,3287,1,3287,734,Gaurella Pendra Marwahi,Chhattisgarh,22
Marwahi,3288,0,3288,734,Gaurella Pendra Marwahi,Chhattisgarh,22
Pendra,3289,0,3289,734,Gaurella Pendra Marwahi,Chhattisgarh,22
Lormi,3290,2,3290,647,Mungeli,Chhattisgarh,22
Kota,3291,3,3291,375,Bilaspur,Chhattisgarh,22
Mungeli,3292,4,3292,647,Mungeli,Chhattisgarh,22
Pathariya,3293,0,3293,647,Mungeli,Chhattisgarh,22
Takhatpur,3294,5,3294,375,Bilaspur,Chhattisgarh,22
Bilaspur,3295,6,3295,375,Bilaspur,Chhattisgarh,22
Masturi,3296,7,3296,375,Bilaspur,Chhattisgarh,22
Bilha,3297,8,3297,375,Bilaspur,Chhattisgarh,22
Kawardha,3298,1,3298,382,Kabirdham,Chhattisgarh,22
Bodla,3299,0,3299,382,Kabirdham,Chhattisgarh,22
Sahaspur Lohara,3300,0,3300,382,Kabirdham,Chhattisgarh,22
Pandariya,3301,2,3301,382,Kabirdham,Chhattisgarh,22
Chhuikhadan,3302,1,3302,759,Khairgarh Chhuikhadan Gandai,Chhattisgarh,22
Khairagarh,3303,2,3303,759,Khairgarh Chhuikhadan Gandai,Chhattisgarh,22
Dongargarh,3304,3,3304,388,Rajnandgaon,Chhattisgarh,22
Rajnandgaon,3305,4,3305,388,Rajnandgaon,Chhattisgarh,22
Chhuriya,3306,0,3306,388,Rajnandgaon,Chhattisgarh,22
Dongargaon,3307,5,3307,388,Rajnandgaon,Chhattisgarh,22
Mohla,3308,6,3308,761,Mohla Manpur Ambagarh Chouki,Chhattisgarh,22
Manpur,3309,7,3309,761,Mohla Manpur Ambagarh Chouki,Chhattisgarh,22
Ambagarh,3310,8,3310,761,Mohla Manpur Ambagarh Chouki,Chhattisgarh,22
Nawagarh,3311,1,3311,650,Bemetara,Chhattisgarh,22
Bemetara,3312,2,3312,650,Bemetara,Chhattisgarh,22
Saja,3313,3,3313,650,Bemetara,Chhattisgarh,22
Thanakhamria,3314,0,3314,650,Bemetara,Chhattisgarh,22
Berla,3315,4,3315,650,Bemetara,Chhattisgarh,22
Dhamdha,3316,5,3316,378,Durg,Chhattisgarh,22
Durg,3317,6,3317,378,Durg,Chhattisgarh,22
Patan,3318,7,3318,378,Durg,Chhattisgarh,22
Gunderdehi,3319,8,3319,646,Balod,Chhattisgarh,22
Dondi Luhara,3320,9,3320,646,Balod,Chhattisgarh,22
Balod,3321,0,3321,646,Balod,Chhattisgarh,22
Dondi,3322,0,3322,646,Balod,Chhattisgarh,22
Gurur,3323,11,3323,646,Balod,Chhattisgarh,22
Simga,3324,1,3324,644,Baloda Bazar,Chhattisgarh,22
Bhatapara,3325,2,3325,644,Baloda Bazar,Chhattisgarh,22
Baloda Bazar,3326,3,3326,644,Baloda Bazar,Chhattisgarh,22
Palari,3327,4,3327,644,Baloda Bazar,Chhattisgarh,22
Kasdol,3328,5,3328,644,Baloda Bazar,Chhattisgarh,22
Bilaigarh,3329,6,3329,763,Sarangarh Bilaigarh,Chhattisgarh,22
Arang,3330,7,3330,387,Raipur,Chhattisgarh,22
Abhanpur,3331,8,3331,387,Raipur,Chhattisgarh,22
Raipur,3332,9,3332,387,Raipur,Chhattisgarh,22
Rajim,3333,10,3333,645,Gariyaband,Chhattisgarh,22
Tilda,3334,0,3334,387,Raipur,Chhattisgarh,22
Bindranavagarh(gariyaband),3335,12,3335,645,Gariyaband,Chhattisgarh,22
Chhura,3336,0,3336,645,Gariyaband,Chhattisgarh,22
Mainpur,3337,0,3337,645,Gariyaband,Chhattisgarh,22
Deobhog,3338,13,3338,645,Gariyaband,Chhattisgarh,22
Basna,3339,1,3339,385,Mahasamund,Chhattisgarh,22
Saraipali,3340,2,3340,385,Mahasamund,Chhattisgarh,22
Mahasamund,3341,3,3341,385,Mahasamund,Chhattisgarh,22
Pithora,3342,0,3342,385,Mahasamund,Chhattisgarh,22
Bagbahra,3343,0,3343,385,Mahasamund,Chhattisgarh,22
Kurud,3344,1,3344,377,Dhamtari,Chhattisgarh,22
Magarlod,3345,0,3345,377,Dhamtari,Chhattisgarh,22
Dhamtari,3346,2,3346,377,Dhamtari,Chhattisgarh,22
Nagri,3347,3,3347,377,Dhamtari,Chhattisgarh,22
Charama,3348,1,3348,381,Kanker,Chhattisgarh,22
Bhanupratappur,3349,2,3349,381,Kanker,Chhattisgarh,22
Durgkondal,3350,0,3350,381,Kanker,Chhattisgarh,22
Kanker,3351,3,3351,381,Kanker,Chhattisgarh,22
Narharpur,3352,4,3352,381,Kanker,Chhattisgarh,22
Antagarh,3353,5,3353,381,Kanker,Chhattisgarh,22
Pakhanjur,3354,6,3354,381,Kanker,Chhattisgarh,22
Keskal,3355,1,3355,643,Kondagaon,Chhattisgarh,22
Bade Rajpur,3356,1,3356,643,Kondagaon,Chhattisgarh,22
Kondagaon,3357,3,3357,643,Kondagaon,Chhattisgarh,22
Makdi,3358,3,3358,643,Kondagaon,Chhattisgarh,22
Farasgaon,3359,3,3359,643,Kondagaon,Chhattisgarh,22
Jagdalpur,3360,4,3360,374,Bastar,Chhattisgarh,22
Lohandiguda,3361,4,3361,374,Bastar,Chhattisgarh,22
Bastanar,3362,4,3362,374,Bastar,Chhattisgarh,22
Bastar,3363,4,3363,374,Bastar,Chhattisgarh,22
Bakavand,3364,4,3364,374,Bastar,Chhattisgarh,22
Tokapal,3365,4,3365,374,Bastar,Chhattisgarh,22
Darbha,3366,4,3366,374,Bastar,Chhattisgarh,22
Narayanpur,3367,2,3367,637,Narayanpur,Chhattisgarh,22
Orchha,3368,2,3368,637,Narayanpur,Chhattisgarh,22
Dantewada,3369,3,3369,376,Dantewada,Chhattisgarh,22
Gidam,3370,3,3370,376,Dantewada,Chhattisgarh,22
Katekalyan,3371,3,3371,376,Dantewada,Chhattisgarh,22
Kuakonda,3372,0,3372,376,Dantewada,Chhattisgarh,22
Konta,3373,4,3373,642,Sukma,Chhattisgarh,22
Chhindgarh,3374,4,3374,642,Sukma,Chhattisgarh,22
Sukma,3375,4,3375,642,Sukma,Chhattisgarh,22
Bhopalpattnam,3376,0,3376,636,Bijapur,Chhattisgarh,22
Usur,3377,1,3377,636,Bijapur,Chhattisgarh,22
Bijapur,3378,2,3378,636,Bijapur,Chhattisgarh,22
Bhairamgarh,3379,2,3379,636,Bijapur,Chhattisgarh,22
Bade Bacheli,6509,None,0,376,Dantewada,Chhattisgarh,22
Barsur,7232,None,0,376,Dantewada,Chhattisgarh,22
Barpali,7233,None,0,383,Korba,Chhattisgarh,22
Sanna ,7234,None,0,380,Jashpur,Chhattisgarh,22
Sakri,7235,None,0,375,Bilaspur,Chhattisgarh,22
Latori,7236,None,0,648,Surajpur,Chhattisgarh,22
Pasan,7237,None,0,383,Korba,Chhattisgarh,22
Ramchandrapur,7238,None,0,649,Balrampur,Chhattisgarh,22
Ratanpur,7239,None,0,375,Bilaspur,Chhattisgarh,22
Chhal,7240,None,0,386,Raigarh,Chhattisgarh,22
Ajgarbahar,7241,None,0,383,Korba,Chhattisgarh,22
Samri,7242,None,0,649,Balrampur,Chhattisgarh,22
Belgahana,7243,None,0,375,Bilaspur,Chhattisgarh,22
Sariya,7244,None,0,763,Sarangarh Bilaigarh,Chhattisgarh,22
Biharpur,7245,None,0,648,Surajpur,Chhattisgarh,22
Lawan,7246,None,0,644,Baloda Bazar,Chhattisgarh,22
Seepat,7247,None,0,375,Bilaspur,Chhattisgarh,22
Nandghat,7248,None,0,650,Bemetara,Chhattisgarh,22
Suhela,7249,None,0,644,Baloda Bazar,Chhattisgarh,22
Bodri,7250,None,0,375,Bilaspur,Chhattisgarh,22
Daurakochali,7251,None,0,649,Balrampur,Chhattisgarh,22
Sakola,7252,None,0,734,Gaurella Pendra Marwahi,Chhattisgarh,22
Arjunda,7253,None,0,646,Balod,Chhattisgarh,22
Chando,7254,None,0,649,Balrampur,Chhattisgarh,22
Adbhar,7255,None,0,762,Sakti,Chhattisgarh,22
Shivrinarayan,7256,None,0,379,Janjgir-champa,Chhattisgarh,22
Raghunathnagar,7257,None,0,649,Balrampur,Chhattisgarh,22
Lalpur Thana,7258,None,0,647,Mungeli,Chhattisgarh,22
Gobra Navapara,7259,None,0,387,Raipur,Chhattisgarh,22
Kutru,7260,None,0,636,Bijapur,Chhattisgarh,22
Darima,7261,None,0,389,Surguja,Chhattisgarh,22
Kharora,7262,None,0,387,Raipur,Chhattisgarh,22
Gangaloor,7263,None,0,636,Bijapur,Chhattisgarh,22
Gandai,7264,None,0,759,Khairgarh Chhuikhadan Gandai,Chhattisgarh,22
Bamhnidih,7265,None,0,379,Janjgir-champa,Chhattisgarh,22
Darri,7266,None,0,383,Korba,Chhattisgarh,22
Baradwar,7267,None,0,762,Sakti,Chhattisgarh,22
Chirmiri,7268,None,0,760,Manendragarh Chirimiri Bharatpur ,Chhattisgarh,22
Kelhari,7269,None,0,760,Manendragarh Chirimiri Bharatpur ,Chhattisgarh,22
Pondi Bachra,7270,None,0,384,Korea,Chhattisgarh,22
Hardibazar,7271,None,0,383,Korba,Chhattisgarh,22
Rengakharkala,7272,None,0,382,Kabirdham,Chhattisgarh,22
Gadiras,7273,None,0,642,Sukma,Chhattisgarh,22
Saragaon,7274,None,0,379,Janjgir-champa,Chhattisgarh,22
Kotadol,7275,None,0,760,Manendragarh Chirimiri Bharatpur ,Chhattisgarh,22
Bhatgaon,7276,None,0,763,Sarangarh Bilaigarh,Chhattisgarh,22
Khadgaon,7277,None,0,761,Mohla Manpur Ambagarh Chouki,Chhattisgarh,22
Aundhi,7278,None,0,761,Mohla Manpur Ambagarh Chouki,Chhattisgarh,22
Beltara,7281,None,0,375,Bilaspur,Chhattisgarh,22
Dharsiwa,7292,None,0,387,Raipur,Chhattisgarh,22
Dipka,7293,None,0,383,Korba,Chhattisgarh,22
Salhewara,7294,None,0,759,Khairgarh Chhuikhadan Gandai,Chhattisgarh,22
Tundra,7295,None,0,644,Baloda Bazar,Chhattisgarh,22
Sonakhan,7296,None,0,644,Baloda Bazar,Chhattisgarh,22
Marri Bangla Dewri,7297,None,0,646,Balod,Chhattisgarh,22
Devkar,7298,None,0,650,Bemetara,Chhattisgarh,22
Bhimbhauri,7299,None,0,650,Bemetara,Chhattisgarh,22
Mukdega,7300,None,0,386,Raigarh,Chhattisgarh,22
Lalbahadur Nagar,7301,None,0,388,Rajnandgaon,Chhattisgarh,22
Amlipadar,7307,None,0,645,Gariyaband,Chhattisgarh,22
Mandir Hasaud,7308,None,0,387,Raipur,Chhattisgarh,22
Patna,7309,None,0,384,Korea,Chhattisgarh,22
Bhatgaon,7310,None,0,648,Surajpur,Chhattisgarh,22
Jarhagaon,7311,None,0,647,Mungeli,Chhattisgarh,22
Bhanpuri,7312,None,0,374,Bastar,Chhattisgarh,22
Nangur,7313,None,0,374,Bastar,Chhattisgarh,22
Kukrel,7314,None,0,377,Dhamtari,Chhattisgarh,22
Bhakhara,7315,None,0,377,Dhamtari,Chhattisgarh,22
Belargaon,7316,None,0,377,Dhamtari,Chhattisgarh,22
Tongpal,7317,None,0,642,Sukma,Chhattisgarh,22
Chhotedongar,7318,None,0,637,Narayanpur,Chhattisgarh,22
Mardapal,7319,None,0,643,Kondagaon,Chhattisgarh,22
Dhanora,7320,None,0,643,Kondagaon,Chhattisgarh,22
Kohkameta,7321,None,0,637,Narayanpur,Chhattisgarh,22
Komakhan,7322,None,0,385,Mahasamund,Chhattisgarh,22
Kunda,7323,None,0,382,Kabirdham,Chhattisgarh,22
Pipariya,7324,None,0,382,Kabirdham,Chhattisgarh,22
Sarona,7325,None,0,381,Kanker,Chhattisgarh,22
Sargaon,7326,None,0,647,Mungeli,Chhattisgarh,22
Hasaud,7327,None,0,762,Sakti,Chhattisgarh,22
Bhaisma,7328,None,0,383,Korba,Chhattisgarh,22
Bhilai,7329,None,0,378,Durg,Chhattisgarh,22
Bori,7330,None,0,378,Durg,Chhattisgarh,22
Ahiwara,7331,None,0,378,Durg,Chhattisgarh,22
Chalgali,7340,None,0,649,Balrampur,Chhattisgarh,22
