district,total,rej_rate,rej_decided,st,sc,scst,urban,lit,apps_per_1000,log_pop,pending_rate,pend_beyond_share,apps_per_active_official,officials_per_lakh_apps,off_within_due,top3_share,api_rej
Balod,206420,4.895,5.035,31.36,8.28,39.64,12.77,,249.853,5.917,2.22,0.742,2991.594,33.427,5.1,0.276,3.09
Balodabazar-Bhatapara,263379,4.767,4.888,13.75,21.3,35.05,13.93,,244.116,6.033,2.186,1.337,2992.943,33.412,3.3,0.207,2.99
Balrampur,120330,5.242,5.356,62.83,4.48,67.31,4.75,54.24,164.725,5.864,1.83,2.997,1910.0,52.356,2.59,0.253,4.39
Bastar,129100,6.909,7.065,62.42,1.77,64.19,16.24,53.15,154.727,5.921,1.729,18.459,2435.849,41.053,0.79,0.29,8.19
Bemetara,221030,5.682,6.092,4.67,18.1,22.77,9.37,70.58,277.76,5.901,6.167,0.528,4093.148,24.431,1.71,0.313,3.3
Bijapur,90415,2.314,2.35,80.0,3.97,83.97,11.6,41.58,354.249,5.407,1.399,4.19,2739.848,36.498,0.55,0.539,2.1
Bilaspur,273607,7.19,7.432,14.43,20.76,35.19,35.81,,168.322,6.211,2.909,1.382,3074.236,32.528,2.24,0.207,3.66
Dantewada,53850,6.297,6.406,71.07,3.61,74.68,24.0,42.12,189.961,5.453,1.497,5.955,1380.769,72.423,0.14,0.406,6.18
Dhamtari,185418,7.144,7.358,25.96,7.32,33.28,18.65,,231.836,5.903,2.581,0.961,2611.521,38.292,0.32,0.246,3.95
Durg,327006,7.426,7.665,5.88,14.26,20.14,64.15,,189.905,6.236,2.655,5.92,2819.017,35.473,4.38,0.301,4.5
Gariyaband,124309,5.394,5.523,36.14,17.97,54.11,6.77,68.26,207.995,5.776,2.05,3.022,1912.446,52.289,2.33,0.371,4.37
Gaurela-Pendra-Marwahi,59839,13.236,13.377,57.09,6.18,63.27,9.6,55.92,177.87,5.527,0.567,2.36,2301.5,43.45,3.71,0.511,8.66
Janjgir-Champa,259661,3.887,4.027,8.58,25.81,34.39,16.92,,268.614,5.985,3.222,2.714,1982.145,50.45,1.77,0.236,2.3
Jashpur,167882,7.787,8.047,62.28,5.73,68.01,8.92,68.6,197.121,5.93,2.802,3.997,2433.072,41.1,2.45,0.233,8.87
Kabirdham,170491,6.85,7.049,20.31,14.56,34.87,10.63,61.95,207.277,5.915,2.337,3.112,2794.934,35.779,0.77,0.283,5.17
Kanker,131900,4.644,4.735,55.38,4.21,59.59,10.25,70.97,176.115,5.874,1.619,1.967,1998.485,50.038,1.86,0.259,4.07
Khairagarh-Chhuikhadan-Gandai,136984,6.151,6.291,13.79,10.89,24.68,11.65,70.01,371.791,5.566,1.822,3.245,3341.073,29.931,6.84,0.525,2.99
Kondagaon,178244,11.607,12.282,71.01,4.01,75.02,10.02,57.31,307.942,5.763,4.723,3.885,4347.415,23.002,3.47,0.303,7.74
Korba,178239,6.516,6.773,40.9,10.33,51.23,36.99,73.22,147.715,6.082,3.289,1.024,2345.25,42.639,2.64,0.236,4.78
Korea,53088,8.52,8.718,39.25,8.3,47.55,29.3,,214.56,5.393,1.846,0.51,1206.545,82.881,1.34,0.337,5.25
Mahasamund,198696,10.912,11.345,27.1,13.52,40.62,11.63,71.54,192.394,6.014,3.314,1.974,3056.862,32.713,2.97,0.276,4.69
Manendragarh-Chirimiri-Bharatpur,41213,9.296,9.554,50.34,8.35,58.69,32.27,,100.156,5.614,2.031,1.314,1056.744,94.63,2.82,0.448,8.22
Mohla-Manpur-Ambagarh Chouki,122603,5.166,5.226,63.27,7.3,70.57,3.49,,431.781,5.453,1.078,10.968,5108.458,19.575,6.85,0.57,6.86
Mungeli,169606,4.422,4.54,10.37,27.7,38.07,9.33,64.75,241.705,5.846,2.338,2.421,3083.745,32.428,1.55,0.303,3.6
Narayanpur,32835,10.151,10.319,77.36,3.56,80.92,,49.59,234.838,5.146,1.173,7.013,2189.0,45.683,0.52,0.704,9.56
Raigarh,225150,4.74,4.842,39.87,11.35,51.22,19.66,,202.294,6.046,1.826,4.281,1924.359,51.965,1.05,0.271,3.16
Raipur,374506,9.606,9.78,4.3,16.6,20.9,59.08,76.43,173.312,6.335,1.33,5.24,3095.091,32.309,1.69,0.254,7.87
Rajnandgaon,248348,8.028,8.244,19.75,10.83,30.58,24.83,,280.701,5.947,2.218,4.031,2921.741,34.226,2.94,0.291,5.08
Sakti,152020,4.824,5.009,15.97,22.72,38.69,9.42,,232.79,5.815,3.417,4.505,3619.524,27.628,2.51,0.355,2.77
Sarangarh-Bilaigarh,160614,5.234,5.371,13.33,28.62,41.95,7.14,,264.414,5.783,2.235,0.279,2361.971,42.338,3.38,0.318,2.97
Sukma,51964,5.281,5.321,83.47,1.11,84.58,11.27,34.81,207.724,5.398,0.622,22.91,1732.133,57.732,0.8,0.476,2.99
Surajpur,106592,7.161,7.432,45.58,5.43,51.01,9.07,60.95,135.09,5.897,3.167,6.842,1421.227,70.362,3.93,0.199,4.91
Surguja,170196,8.674,8.972,57.4,4.77,62.17,16.27,,202.529,5.924,2.485,1.797,2050.554,48.767,1.8,0.234,5.61
