district,serviceCount_field,approved,rejected,pending,rej_pct_of_sum
Raipur,431395,26187,2270,374,7.87
Bemetara,196088,24088,903,2407,3.3
Janjgir-Champa,190892,22113,547,1126,2.3
Balodabazar-Bhatapara,273090,20237,660,1194,2.99
Durg,329862,20040,1042,2058,4.5
Raigarh,146736,19653,656,441,3.16
Bilaspur,249158,18841,772,1499,3.66
Rajnandgaon,261012,18414,1049,1202,5.08
Balod,215870,16673,563,992,3.09
Kondagaon,247789,16235,1492,1545,7.74
Mahasamund,225045,14592,764,932,4.69
Kabirdham,151890,14260,819,751,5.17
Dhamtari,220201,14119,609,679,3.95
Sakti,117248,12864,387,707,2.77
Mungeli,129949,12254,473,416,3.6
Korba,141663,12098,648,809,4.78
Sarangarh-Bilaigarh,74627,11703,371,430,2.97
Jashpur,69086,11686,1195,587,8.87
Kanker,195096,10844,475,345,4.07
Gariyaband,111842,10841,509,304,4.37
Khairagarh-Chhuikhadan-Gandai,126994,10689,346,541,2.99
Surguja,39373,10429,639,331,5.61
Bastar,88232,9619,874,174,8.19
Balrampur,42077,7526,352,145,4.39
Mohla-Manpur-Ambagarh Chouki,94027,7151,536,122,6.86
Surajpur,40353,5749,321,465,4.91
Gaurela-Pendra-Marwahi,52010,5022,477,6,8.66
Bijapur,74644,3657,79,27,2.1
Sukma,23347,3456,108,50,2.99
Dantewada,17949,3351,223,37,6.18
Korea,17699,2742,157,91,5.25
Manendragarh-Chirimiri-Bharatpur,16517,2271,211,84,8.22
Narayanpur,33022,2043,219,29,9.56
