district,n_official_logins,n_active,total_handled,processed_within_due,pct_within_due,pending_beyond_due,approved_beyond_due,median_handled_active,max_handled_one_official,top3_share
Balod,77,69,361068,18422,5.1,2786,220302,478.0,40688,0.276
Balodabazar-Bhatapara,94,88,398368,13142,3.3,3328,301528,212.0,30838,0.207
Balrampur,69,63,180994,4694,2.59,1346,149676,1038.0,16982,0.253
Bastar,58,53,194092,1526,0.79,2404,160554,1448.0,20404,0.29
Bemetara,60,54,281728,4830,1.71,4134,198662,94.0,30818,0.313
Bijapur,34,33,141568,782,0.55,462,130504,186.0,28738,0.539
Bilaspur,91,89,451226,10110,2.24,9686,329308,2158.0,50486,0.207
Dantewada,40,39,76344,104,0.14,642,65384,420.0,13610,0.406
Dhamtari,77,71,256068,828,0.32,5410,204160,174.0,26520,0.246
Durg,124,116,559227,24490,4.38,7226,379579,264.0,71366,0.301
Gariyaband,70,65,157360,3666,2.33,1578,126672,104.0,27010,0.371
Gaurela-Pendra-Marwahi,27,26,103280,3834,3.71,866,61692,1343.0,20364,0.511
Janjgir-Champa,137,131,394106,6960,1.77,3690,304950,162.0,36754,0.236
Jashpur,80,69,228780,5600,2.45,3506,168400,288.0,19302,0.233
Kabirdham,68,61,296853,2284,0.77,2871,184729,212.0,31522,0.283
Kanker,70,66,181792,3380,1.86,1394,149130,445.0,16378,0.259
Khairagarh-Chhuikhadan-Gandai,41,41,199900,13668,6.84,3578,134796,470.0,45530,0.525
Kondagaon,42,41,257952,8960,3.47,9802,174508,2112.0,35360,0.303
Korba,80,76,249124,6588,2.64,2984,193232,549.0,21316,0.236
Korea,47,44,100944,1348,1.34,1434,78274,457.0,13788,0.337
Mahasamund,67,65,322428,9578,2.97,8010,210184,1206.0,37392,0.276
Manendragarh-Chirimiri-Bharatpur,40,39,80466,2270,2.82,708,45898,266.0,15184,0.448
Mohla-Manpur-Ambagarh Chouki,25,24,183382,12570,6.85,256,139954,1098.0,39906,0.57
Mungeli,56,55,251310,3886,1.55,1500,196966,576.0,30742,0.303
Narayanpur,16,15,43482,224,0.52,424,33728,820.0,15098,0.704
Raigarh,127,117,387826,4068,1.05,2402,265086,194.0,43454,0.271
Raipur,126,121,641832,10844,1.69,9490,428454,930.0,63710,0.254
Rajnandgaon,94,85,371542,10928,2.94,5190,277890,650.0,42524,0.291
Sakti,43,42,206772,5200,2.51,1460,164384,526.0,25752,0.355
Sarangarh-Bilaigarh,69,68,287880,9716,3.38,1892,212042,270.0,40284,0.318
Sukma,31,30,73088,588,0.8,602,64498,651.0,13316,0.476
Surajpur,77,75,183347,7214,3.93,1904,125237,878.0,12562,0.199
Surguja,83,83,288676,5184,1.8,4976,181880,1048.0,35748,0.234
