department_hi,service_hi,service_en,total,approved,rejected,pending,pending_within,pending_beyond,rejection_pct_of_total,rejection_pct_of_decided
गृह विभाग,अस्थायी पटाखा लाइसेंस,Temporary firecracker licence,5358,2608,520,1184,1181,3,9.71,16.62
गृह विभाग,पेट्रोल पंप स्थापित करने हेतु अनापत्ति प्रमाण पत्र,,1,0,1,0,0,0,100.0,100.0
गृह विभाग,प्राकृतिक आपदाओं से पीड़ित सहायता के लिए आवेदन,,1,0,1,0,0,0,100.0,100.0
गृह विभाग,"विस्फोटक सामग्री विक्रय, परिवहन एवं निर्माण हेतु अनापत्ति प्रमाण पत्र",,3,0,1,1,1,0,33.33,100.0
गृह विभाग,सड़क दुर्घटना मे मृत्यु / घायल व्यक्तियों के लिए आर्थिक सहायता राशि (अज्ञात वाहन – शोलेशियम फंड),,10,0,6,4,1,3,60.0,100.0
गृह विभाग,सिनेमेटोग्राफी एक्ट के तहत सिनेमा लाइसेंस,,3,2,1,0,0,0,33.33,33.33
गृह विभाग,स्थायी पटाखा लाइसेंस,,191,52,101,26,24,2,52.88,66.01
राजस्व एवं आपदा प्रबंधन विभाग,अनुसूचित जाति / अनुसूचित जनजाति प्रमाण पत्र,SC/ST caste certificate,650302,496340,116288,31159,31050,109,17.88,18.98
राजस्व एवं आपदा प्रबंधन विभाग,अन्य पिछड़ा वर्ग प्रमाण पत्र,OBC caste certificate,536515,389163,104674,35656,35530,126,19.51,21.2
राजस्व एवं आपदा प्रबंधन विभाग,आय प्रमाण पत्र,Income certificate,2637878,2560227,35633,40009,39749,260,1.35,1.37
राजस्व एवं आपदा प्रबंधन विभाग,आर्थिक रूप से कमजोर वर्ग (EWS) का प्रमाण पत्र,EWS certificate,177,40,24,78,63,15,13.56,37.5
राजस्व एवं आपदा प्रबंधन विभाग,कैंप - अनुसूचित जाति / अनुसूचित जनजाति प्रमाण पत्र,Camp - SC/ST certificate,3296,2040,1256,0,0,0,38.11,38.11
राजस्व एवं आपदा प्रबंधन विभाग,कैंप - अन्य पिछड़ा वर्ग प्रमाण पत्र,Camp - OBC certificate,7681,4407,3274,0,0,0,42.62,42.62
राजस्व एवं आपदा प्रबंधन विभाग,कैंप - आय प्रमाण पत्र,Camp - Income certificate,13209,13138,71,0,0,0,0.54,0.54
राजस्व एवं आपदा प्रबंधन विभाग,जन शिकायत कलेक्टरेट,,6,6,0,0,0,0,0.0,0.0
राजस्व एवं आपदा प्रबंधन विभाग,नाम परिवर्तन के लिए साधारण राजपत्र अधिसूचना,Gazette name change,11249,2730,1805,6384,3840,2544,16.05,39.8
राजस्व एवं आपदा प्रबंधन विभाग,नॉन डिजिटाइज्ड नकल (भूमि दस्तावेज़ आदि ) हेतु,Non-digitised land record copy (Nakal),136470,134721,269,1475,1366,109,0.2,0.2
राजस्व एवं आपदा प्रबंधन विभाग,न्यायालय आदेश प्रमाण पत्र (राजस्व न्यायालय),Revenue court order copy,75572,74098,315,1111,1073,38,0.42,0.42
राजस्व एवं आपदा प्रबंधन विभाग,प्रकरण सूची (राजस्व न्यायालय),,584,567,17,0,0,0,2.91,2.91
राजस्व एवं आपदा प्रबंधन विभाग,भुइयां से नकल (भूमि दस्तावेज़ आदि ) हेतु,,13,11,2,0,0,0,15.38,15.38
राजस्व एवं आपदा प्रबंधन विभाग,मूल निवासी प्रमाण पत्र,Domicile (Mool Niwasi) certificate,1052396,958211,76592,13742,13459,283,7.28,7.4
राजस्व एवं आपदा प्रबंधन विभाग,राजस्व सेवाएँ (5 लाख से 25 लाख तक),,3,2,1,0,0,0,33.33,33.33
राजस्व एवं आपदा प्रबंधन विभाग,राजस्व सेवाएँ (कृषि भूमि/परिवर्तित RBC 6(4) - राहत सहायता (प्राकृतिक आपदा),,61,42,4,15,9,6,6.56,8.7
राजस्व एवं आपदा प्रबंधन विभाग,राजस्व सेवाएँ (कृषि भूमि/परिवर्तित किसान किताब हेतु),,94,89,5,0,0,0,5.32,5.32
राजस्व एवं आपदा प्रबंधन विभाग,राजस्व सेवाएँ (कृषि भूमि/परिवर्तित नामान्तरण हेतु ),,103,76,10,17,10,7,9.71,11.63
राजस्व एवं आपदा प्रबंधन विभाग,राजस्व सेवाएँ (कृषि भूमि/परिवर्तित सीमांकन हेतु),,683,655,13,14,10,4,1.9,1.95
राजस्व एवं आपदा प्रबंधन विभाग,राजस्व सेवाएँ (नज़ूल पट्टा अनापत्ति प्रमाण हेतु),,103,103,0,0,0,0,0.0,0.0
राजस्व एवं आपदा प्रबंधन विभाग,राजस्व सेवाएँ (नज़ूल पट्टा नवीनीकरण हेतु ),,387,354,3,30,30,0,0.78,0.84
राजस्व एवं आपदा प्रबंधन विभाग,राजस्व सेवाएँ (नज़ूल पट्टा नामांतरण हेतु ),,1056,982,8,66,64,2,0.76,0.81
राजस्व एवं आपदा प्रबंधन विभाग,राजस्व सेवाएँ (नज़ूल पट्टा सीमांकन हेतु ),,83,80,1,2,1,1,1.2,1.23
राजस्व एवं आपदा प्रबंधन विभाग,राजस्व सेवाएँ (शोध्य क्षमता 5 लाख से कम),,18,14,4,0,0,0,22.22,22.22
राजस्व एवं आपदा प्रबंधन विभाग,लॉकडाउन से छुट का आवेदन पत्र (वैवाहिक कार्यक्रम हेतु ),,1,0,1,0,0,0,100.0,100.0
राजस्व एवं आपदा प्रबंधन विभाग,सूचना का अधिकार जिला कलेक्टरेट,,12,8,3,1,0,1,25.0,27.27
खेल एवं युवा कल्याण विभाग,Submission of Information for Continuation of Departmental Recognition,,1,0,0,1,1,0,0.0,
खेल एवं युवा कल्याण विभाग,मेधावी खिलाड़ियों को प्रोत्साहन राशि हेतु आवेदन,,1,0,0,1,1,0,0.0,
खेल एवं युवा कल्याण विभाग,संघ / संस्थानों की आर्थिक सहायता के लिए आवेदन - परिशिष्ट (ब),,1,0,0,1,1,0,0.0,
वन एवं जलवायु परिवर्तन विभाग,प्रारूप ड़ (नियम ७ (२) देखिये)धारा ११ के अधीन विनिर्दिष्ट इमारती लकड़ी के विनिर्माता/व्यापारी/उपभोक्ता के रजिस्ट्रीकरण के लिए आवेदन पत्र,,385,347,31,7,7,0,8.05,8.2
वन एवं जलवायु परिवर्तन विभाग,बसोड बही कार्ड पंजीकरण,,3,0,0,3,0,3,0.0,
वन एवं जलवायु परिवर्तन विभाग,मालिक मकबूज काष्ठ का भुगतान (डिपो में काष्ट प्राप्त होने के उपरांत),,1,0,0,1,1,0,0.0,
वन एवं जलवायु परिवर्तन विभाग,वन - प्रारूप-ख [नियम 3 (2)] - पहले से स्थापित आरा मिल/ गड्डे को चलाने के लिये अनुज्ञप्ति मंजूर करने हेतु आवेदन,,60,51,9,0,0,0,15.0,15.0
वन एवं जलवायु परिवर्तन विभाग,वन उत्पाद की खुदरा बिक्री की मंज़ूरी के लिए आवेदन,,57,32,23,2,2,0,40.35,41.82
कृषि विकास एवं किसान कल्याण तथा जैव प्रौद्योगिकी विभाग,कृषि उपकरण पंप - किसान समृद्धि योजना,,3,3,0,0,0,0,0.0,0.0
श्रम विभाग,दुकान एवं स्थापना पंजीयन हेतु आवेदन,Shops & establishment registration,8232,6996,1236,0,0,0,15.01,15.01
नगरीय प्रशासन एवं विकास विभाग,New व्यापार अनुज्ञप्ति,New trade licence,6512,5996,197,287,285,2,3.03,3.18
नगरीय प्रशासन एवं विकास विभाग,जन शिकायत नगर निगम/पालिका/पंचायत,,6,4,2,0,0,0,33.33,33.33
नगरीय प्रशासन एवं विकास विभाग,नल कनेक्शन हेतु आवेदन,Water connection (urban),4340,3519,737,68,67,1,16.98,17.32
नगरीय प्रशासन एवं विकास विभाग,फ्री-होल्ड,,1,0,0,1,0,1,0.0,
नगरीय प्रशासन एवं विकास विभाग,भवन निर्माण अनुज्ञा,Building permission (urban),5143,4179,828,109,109,0,16.1,16.54
नगरीय प्रशासन एवं विकास विभाग,भूमि उपयोग की जानकारी,Land use information,35543,32824,1742,901,897,4,4.9,5.04
नगरीय प्रशासन एवं विकास विभाग,विवाह पंजीकरण एवं प्रमाण पत्र,Marriage registration (urban),66112,59961,5390,490,476,14,8.15,8.25
नगरीय प्रशासन एवं विकास विभाग,व्यापार हेतु अनुज्ञप्ति,Trade licence,23471,21471,2000,0,0,0,8.52,8.52
नगरीय प्रशासन एवं विकास विभाग,संपत्ति नामांतरण नगर पालिका क्षेत्र,Property mutation (municipal),7620,6956,434,223,202,21,5.7,5.87
नगरीय प्रशासन एवं विकास विभाग,हस्तांतरण/नामांतरण,,3,0,1,2,0,2,33.33,100.0
नगरीय प्रशासन एवं विकास विभाग,होटल व्यापार अनुज्ञप्ति,,39,16,23,0,0,0,58.97,58.97
लोक निर्माण विभाग,बेरोजगार इंजीनियर डिप्लोमा एवं बी.ई. पंजीयन हेतु,,36,2,31,1,0,1,86.11,93.94
स्कूल शिक्षा विभाग,अस्वच्छ व्यवसाय मे कार्यरत परिवार के बच्चों की केंद्र प्रवर्तित प्री मैट्रिक छात्रवृति हेतु अस्वच्छ व्यवसाय प्रमाण -पत्र,,235,61,77,88,70,18,32.77,55.8
स्कूल शिक्षा विभाग,छ.ग. बोर्ड की दसवीं एवं बारहवीं के अंकसूची की प्रतिलिपि,,6,1,2,3,2,1,33.33,66.67
स्कूल शिक्षा विभाग,स्थानांतरण प्रमाण पत्र आवेदन फार्म,,1,1,0,0,0,0,0.0,0.0
पंचायत एवं ग्रामीण विकास विभाग,नल कनेक्शन हेतु आवेदन ग्राम पंचायत के लिए,,4,0,1,3,2,1,25.0,100.0
पंचायत एवं ग्रामीण विकास विभाग,पंचायत एवं ग्रामीण विकास - आवश्यक साफ सफाई व्यवस्था,,36,26,4,5,0,5,11.11,13.33
पंचायत एवं ग्रामीण विकास विभाग,पंचायत एवं ग्रामीण विकास - स्ट्रीट लाइट ( बल्ब एवं ट्यूबलाइट बदलना ),,52,30,16,5,2,3,30.77,34.78
पंचायत एवं ग्रामीण विकास विभाग,भवन निर्माण अनुज्ञा ग्राम पंचायत के लिए,,17,12,3,2,2,0,17.65,20.0
पंचायत एवं ग्रामीण विकास विभाग,विवाह पंजीकरण एवं प्रमाण पत्र ग्राम पंचायत के लिए,Marriage registration (gram panchayat),32364,25943,4131,1986,1700,286,12.76,13.74
आर्थिक एवं सांख्यिकी विभाग,जन्म पंजीकरण एवं प्रमाण पत्र,,1,0,1,0,0,0,100.0,100.0
आर्थिक एवं सांख्यिकी विभाग,जन्म प्रमाण पत्र सुधार (Legacy),Birth certificate correction (legacy),25020,23727,1223,36,36,0,4.89,4.9
आर्थिक एवं सांख्यिकी विभाग,मृत्यु प्रमाण पत्र सुधार (Legacy),,149,124,24,0,0,0,16.11,16.22
आर्थिक एवं सांख्यिकी विभाग,विवाह प्रमाण पत्र सुधार,Marriage certificate correction,9227,8750,397,62,55,7,4.3,4.34
आर्थिक एवं सांख्यिकी विभाग,विवाह प्रमाण पत्र सुधार (legacy),Marriage certificate correction (legacy),3115,2814,256,30,29,1,8.22,8.34
समाज कल्याण विभाग,इंदिरा गांधी राष्ट्रीय दिव्यांगजन पेंशन योजना,,234,135,99,0,0,0,42.31,42.31
समाज कल्याण विभाग,इंदिरा गांधी राष्ट्रीय विधवा पेंशन योजना,,960,850,110,0,0,0,11.46,11.46
समाज कल्याण विभाग,इंदिरा गांधी राष्ट्रीय वृद्धावस्था पेंशन योजना,IGNOAPS old-age pension,5095,4352,739,4,2,2,14.5,14.52
समाज कल्याण विभाग,सामाजिक सुरक्षा पेंशन योजना,,513,437,74,2,1,1,14.42,14.48
समाज कल्याण विभाग,सुखद सहारा योजना,,321,281,40,0,0,0,12.46,12.46
"खाद्य, नागरिक आपूर्ति एवं उपभोक्ता संरक्षण विभाग","अन्त्योदय राशनकार्ड, प्राथमिकता राशनकार्ड, निराश्रित (एकल) राशनकार्ड, निःशक्तजन राशनकार्ड एवं सामान्य राशनकार्ड में सदस्य जोड़ने हेतु आवेदन",,2979,1989,701,183,64,119,23.53,26.06
"खाद्य, नागरिक आपूर्ति एवं उपभोक्ता संरक्षण विभाग","अन्त्योदय राशनकार्ड, प्राथमिकता राशनकार्ड, निराश्रित (एकल) राशनकार्ड, निःशक्तजन राशनकार्ड एवं सामान्य राशनकार्ड में सदस्य विलोपित हेतु आवेदन",,4175,2943,988,181,75,106,23.66,25.13
"खाद्य, नागरिक आपूर्ति एवं उपभोक्ता संरक्षण विभाग",नवीन अन्त्योदय राशनकार्ड/ प्राथमिकता राशनकार्ड/ निराश्रित (एकल) राशनकार्ड/ निशक्तजन राशनकार्ड हेतु आवेदन,,1431,525,639,195,127,68,44.65,54.9
"खाद्य, नागरिक आपूर्ति एवं उपभोक्ता संरक्षण विभाग",सामान्य ( APL) ए. पी. एल. राशन कार्ड जारी कराने हेतु आवेदन,,798,324,376,75,34,41,47.12,53.71
संस्कृति एवं राजभाषा,Kalakar Kalyan Kosh Yojana,,1,0,1,0,0,0,100.0,100.0
संस्कृति एवं राजभाषा,अंतरराष्ट्रीय पुरस्कार जीतने पर सब्सिडी के लिए आवेदन,,1,0,1,0,0,0,100.0,100.0
संस्कृति एवं राजभाषा,छत्तीसगढ़ की विशेष ब्रांडिंग पर सब्सिडी के लिए आवेदन,,1,0,1,0,0,0,100.0,100.0
संस्कृति एवं राजभाषा,दुर्लभ संगीत वाद्ययंत्रों के लिए अनुदान,,1,0,1,0,0,0,100.0,100.0
संस्कृति एवं राजभाषा,फिल्म निर्माण उपकरण के लिए सब्सिडी आवेदन,,1,0,1,0,0,0,100.0,100.0
संस्कृति एवं राजभाषा,फिल्म शूटिंग हेतु आवेदन,,3,1,1,0,0,0,33.33,50.0
संस्कृति एवं राजभाषा,रामायण मंडली प्रोत्साहन योजना के लिए आवेदन,,7,0,2,4,0,4,28.57,100.0
संस्कृति एवं राजभाषा,"विभाग अंतर्गत स्थापित 12 राज्य स्तरीय सम्मान, पुरस्कार एवं अलंकरण",,1,0,1,0,0,0,100.0,100.0
संस्कृति एवं राजभाषा,संस्कृति - पंजीयन की प्रतिलिपि,,9,0,8,1,0,1,88.89,100.0
जल संसाधन विभाग,पंचायत एवं ग्रामीण विकास (मनरेगा) - पानी शुद्ध करें (तालाब शुद्धिकरण),,9,0,8,1,0,1,88.89,100.0
आवास एवं पर्यावरण विभाग,उत्तराधिकारी नामांतरण का स्वीकृति प्रदान करने हेतु आवेदन,,9,1,5,2,0,2,55.56,83.33
आवास एवं पर्यावरण विभाग,भूखंड/भवन पर निर्माण/पुर्ननिर्माण की अनापत्ति प्रमाण पत्र प्राप्त करने हेतु आवेदन,,4,0,2,2,1,1,50.0,100.0
आवास एवं पर्यावरण विभाग,वित्तदायी संस्था से ऋण लेने हेतु अनापत्ति प्रमाण पत्र प्राप्त करने हेतु,,2,1,1,0,0,0,50.0,50.0
लोक स्वास्थ यांत्रिकी विभाग,नलकूप खनन की अनुमति,,1,0,0,1,1,0,0.0,
लोक स्वास्थ यांत्रिकी विभाग,पेयजल स्रोतों के परीक्षण,,1,0,0,1,0,1,0.0,
लोक स्वास्थ यांत्रिकी विभाग,हैण्डपंप सुधार की सूचना,,2,1,0,1,1,0,0.0,0.0
पशुधन विकास विभाग,पशु रोग उद्भेदों की सूचना प्राप्ति पर कार्यवाही ( Disease Outbreak),,4,1,2,1,1,0,50.0,66.67
मछली पालन विभाग,त्रिस्तरीय पंचायत राज संस्थाओं का तालाब पट्टे के प्रकरण प्रस्तुत करना,,33,23,7,3,3,0,21.21,23.33
मछली पालन विभाग,शिक्षण-प्रशिक्षण के लिए हितग्राहियों का चयन,,13,2,7,4,0,4,53.85,77.78
ग्रामीण उद्योग विभाग,कत्तिनो हेतु धागा कताई आवेदन,,1,0,1,0,0,0,100.0,100.0
ग्रामीण उद्योग विभाग,कृमि पालकों को पालित प्रजाति के टसर स्वस्थ डिम्ब समूह की प्रदाय योजना,,1,0,0,1,1,0,0.0,
ग्रामीण उद्योग विभाग,छ.ग. हस्तशिल्प विकास बोर्ड में शिल्पी / शिल्पकारों हेतु पंजीयन का आवेदन पत्र,,2,0,0,2,1,1,0.0,
ग्रामीण उद्योग विभाग,छत्तीसगढ़ के बेरोजगार युवक युवतियों के लिए कारीगर प्रशिक्षण योजना अंतर्गत प्रशिक्षण प्राप्त करने हेतु आवेदन पत्र,,8,0,5,0,0,0,62.5,100.0
ग्रामीण उद्योग विभाग,छत्तीसगढ़ माटीकला बोर्ड में कुम्हारी (पोटरी) एवं मिट्टी के कार्य करने वाले कुम्भकारों/कारीगरों के पंजीयन हेतु आवेदन,,11,1,1,9,7,2,9.09,50.0
ग्रामीण उद्योग विभाग,छत्तीसगढ़ हस्तशिल्प विकास बोर्ड के अंतर्गत स्व-सहायता समूह (SHG) / सहकारी समितियों का पंजीयन हेतु आवेदन,,1,0,1,0,0,0,100.0,100.0
ग्रामीण उद्योग विभाग,टसर रेशम विकास एवं विस्तार कार्यक्रम,,32,1,0,31,31,0,0.0,0.0
ग्रामीण उद्योग विभाग,बुनकरों हेतु कपड़ा बुनाई आवेदन,,2,0,2,0,0,0,100.0,100.0
ग्रामीण उद्योग विभाग,मुख्यमंत्री रोजगार सृजन कार्यक्रम हेतु आवेदन,,1,1,0,0,0,0,0.0,0.0
ग्रामीण उद्योग विभाग,सेरीकल्चर ऐड अंडर मलबरी प्लांटेशन,,2,0,2,0,0,0,100.0,100.0
"तकनीकी शिक्षा, कौशल विकास तथा रोजगार विभाग",आई टी आई स्थानांतरण प्रमाण पत्र हेतु आवेदन,ITI transfer certificate,5664,5080,433,123,99,24,7.64,7.85
"तकनीकी शिक्षा, कौशल विकास तथा रोजगार विभाग",जनशक्ति - जनशक्ति प्रशिक्षण की अंकसूची,,702,650,38,13,12,1,5.41,5.52
"तकनीकी शिक्षा, कौशल विकास तथा रोजगार विभाग",शासकीय इंजीनियरिंग महाविद्यालय/पॉलिटेक्निक में संस्था स्तर पर शाखा परिवर्तन,,2,0,2,0,0,0,100.0,100.0
"तकनीकी शिक्षा, कौशल विकास तथा रोजगार विभाग",शासकीय इंजीनियरिंग महाविद्यालय/पॉलिटेक्निक में सुरक्षा जमा राशि की वापसी,,2,0,2,0,0,0,100.0,100.0
"तकनीकी शिक्षा, कौशल विकास तथा रोजगार विभाग",स्थानांतरण और चरित्र प्रमाणपत्र शासकीय इंजीनियरिंग / पॉलीटेक्निक कॉलेज के लिए,,1178,1071,99,8,7,1,8.4,8.46
"पुरातत्त्व, अभिलेखागार एवं संग्रहालय संचालनालय",अभिलेखों की प्रतिलिपि उपलब्ध कराना,,1,0,0,1,1,0,0.0,
