district,total,approved,rejected,pending,pending_within,pending_beyond
Balod,206420,190603,10105,4582,4548,34
Balodabazar-Bhatapara,263379,244298,12555,5758,5681,77
Balrampur,120330,111461,6308,2202,2136,66
Bastar,129100,117328,8920,2232,1820,412
Bemetara,221030,193605,12559,13632,13560,72
Bijapur,90415,86935,2092,1265,1212,53
Bilaspur,273607,245025,19673,7960,7850,110
Dantewada,53850,49545,3391,806,758,48
Dhamtari,185418,166766,13246,4785,4739,46
Durg,327006,292507,24283,8682,8168,514
Gariyaband,124309,114705,6705,2548,2471,77
Gaurela-Pendra-Marwahi,59839,51287,7920,339,331,8
Janjgir-Champa,259661,240515,10093,8365,8138,227
Jashpur,167882,149376,13073,4704,4516,188
Kabirdham,170491,153992,11678,3984,3860,124
Kanker,131900,123228,6125,2135,2093,42
Khairagarh-Chhuikhadan-Gandai,136984,125520,8426,2496,2415,81
Kondagaon,178244,147765,20689,8418,8091,327
Korba,178239,159856,11614,5862,5802,60
Korea,53088,47356,4523,980,975,5
Mahasamund,198696,169435,21682,6584,6454,130
Manendragarh-Chirimiri-Bharatpur,41213,36267,3831,837,826,11
Mohla-Manpur-Ambagarh Chouki,122603,114865,6334,1322,1177,145
Mungeli,169606,157710,7500,3966,3870,96
Narayanpur,32835,28967,3333,385,358,27
Raigarh,225150,209730,10673,4111,3935,176
Raipur,374506,331860,35976,4981,4720,261
Rajnandgaon,248348,221917,19938,5508,5286,222
Sakti,152020,139072,7333,5194,4960,234
Sarangarh-Bilaigarh,160614,148119,8407,3590,3580,10
Sukma,51964,48826,2744,323,249,74
Surajpur,106592,95069,7633,3376,3145,231
Surguja,170196,149772,14762,4229,4153,76
